INSERT INTO `pms_product` (`id`,`brand_id`,`product_category_id`,`name`,`product_sn`,`delete_status`,`publish_status`,`new_status`,`recommand_status`,`verify_status`,`sort`,`sale`,`price`,`promotion_price`,`gift_growth`,`gift_point`,`use_point_limit`,`sub_title`,`description`,`original_price`,`stock`,`low_stock`,`unit`,`weight`,`preview_status`,`service_ids`,`keywords`,`note`,`detail_title`,`detail_desc`,`promotion_start_time`,`promotion_end_time`,`promotion_per_limit`,`promotion_type`,`brand_name`,`product_category_name`) VALUES
(1,49,7,'银色星芒刺绣网纱底裤','No86577',1,1,1,1,1,100,0,100.00,NULL,0,100,NULL,'111','111',120.00,100,20,'件',1000.00,0,NULL,'银色星芒刺绣网纱底裤','银色星芒刺绣网纱底裤','银色星芒刺绣网纱底裤','银色星芒刺绣网纱底裤',NULL,NULL,NULL,0,'七匹狼','外套'),
(2,49,7,'银色星芒刺绣网纱底裤2','No86578',1,1,1,1,1,1,0,100.00,NULL,0,100,NULL,'111','111',120.00,100,20,'件',1000.00,0,NULL,'银色星芒刺绣网纱底裤2','银色星芒刺绣网纱底裤','银色星芒刺绣网纱底裤','银色星芒刺绣网纱底裤',NULL,NULL,NULL,0,'七匹狼','外套'),
(3,1,7,'银色星芒刺绣网纱底裤3','No86579',1,1,1,1,1,1,0,100.00,NULL,0,100,NULL,'111','111',120.00,100,20,'件',1000.00,0,NULL,'银色星芒刺绣网纱底裤3','银色星芒刺绣网纱底裤','银色星芒刺绣网纱底裤','银色星芒刺绣网纱底裤',NULL,NULL,NULL,0,'万和','外套'),
(4,1,7,'银色星芒刺绣网纱底裤4','No86580',1,1,1,1,1,1,0,100.00,NULL,0,100,NULL,'111','111',120.00,100,20,'件',1000.00,0,NULL,'银色星芒刺绣网纱底裤4','银色星芒刺绣网纱底裤','银色星芒刺绣网纱底裤','银色星芒刺绣网纱底裤',NULL,NULL,NULL,0,'万和','外套'),
(5,1,7,'银色星芒刺绣网纱底裤5','No86581',1,0,1,1,1,1,0,100.00,NULL,0,100,NULL,'111','111',120.00,100,20,'件',1000.00,0,NULL,'银色星芒刺绣网纱底裤5','银色星芒刺绣网纱底裤','银色星芒刺绣网纱底裤','银色星芒刺绣网纱底裤',NULL,NULL,NULL,0,'万和','外套'),
(6,1,7,'银色星芒刺绣网纱底裤6','No86582',1,1,1,1,1,1,0,100.00,NULL,0,100,NULL,'111','111',120.00,100,20,'件',1000.00,0,NULL,'银色星芒刺绣网纱底裤6','银色星芒刺绣网纱底裤','银色星芒刺绣网纱底裤','银色星芒刺绣网纱底裤',NULL,NULL,NULL,0,'万和','外套'),
(7,1,7,'女式超柔软拉毛运动开衫','No86577',1,0,0,0,0,0,0,249.00,0.00,0,100,0,'匠心剪裁，垂感质地','匠心剪裁，垂感质地',299.00,100,0,'件',0.00,0,'string','女式超柔软拉毛运动开衫','string','string','string','2018-04-26 10:41:03','2018-04-26 10:41:03',0,0,'万和','外套'),
(8,1,7,'女式超柔软拉毛运动开衫1','No86577',1,0,0,0,0,0,0,249.00,0.00,0,100,0,'匠心剪裁，垂感质地','匠心剪裁，垂感质地',299.00,100,0,'件',0.00,0,'string','女式超柔软拉毛运动开衫','string','string','string','2018-04-26 10:41:03','2018-04-26 10:41:03',0,0,'万和','外套'),
(9,1,7,'女式超柔软拉毛运动开衫1','No86577',1,0,0,0,0,0,0,249.00,0.00,0,100,0,'匠心剪裁，垂感质地','匠心剪裁，垂感质地',299.00,100,0,'件',0.00,0,'string','女式超柔软拉毛运动开衫','string','string','string','2018-04-26 10:41:03','2018-04-26 10:41:03',0,0,'万和','外套'),
(10,1,7,'女式超柔软拉毛运动开衫1','No86577',1,0,0,0,0,0,0,249.00,0.00,0,100,0,'匠心剪裁，垂感质地','匠心剪裁，垂感质地',299.00,100,0,'件',0.00,0,'string','女式超柔软拉毛运动开衫','string','string','string','2018-04-26 10:41:03','2018-04-26 10:41:03',0,0,'万和','外套'),
(11,1,7,'女式超柔软拉毛运动开衫1','No86577',1,1,0,1,0,0,0,249.00,0.00,0,100,0,'匠心剪裁，垂感质地','匠心剪裁，垂感质地',299.00,100,0,'件',0.00,0,'string','女式超柔软拉毛运动开衫','string','string','string','2018-04-26 10:41:03','2018-04-26 10:41:03',0,0,'万和','外套'),
(12,1,7,'女式超柔软拉毛运动开衫2','No86577',1,1,0,1,0,0,0,249.00,0.00,0,100,0,'匠心剪裁，垂感质地','匠心剪裁，垂感质地',299.00,100,0,'件',0.00,0,'string','女式超柔软拉毛运动开衫','string','string','string','2018-04-26 10:41:03','2018-04-26 10:41:03',0,0,'万和','外套'),
(13,1,7,'女式超柔软拉毛运动开衫3','No86577',1,1,0,1,0,0,0,249.00,0.00,0,100,0,'匠心剪裁，垂感质地','匠心剪裁，垂感质地',299.00,100,0,'件',0.00,0,'string','女式超柔软拉毛运动开衫','string','string','string','2018-04-26 10:41:03','2018-04-26 10:41:03',0,0,'万和','外套'),
(14,1,7,'女式超柔软拉毛运动开衫3','No86577',1,0,0,1,0,0,0,249.00,0.00,0,100,0,'匠心剪裁，垂感质地','匠心剪裁，垂感质地',299.00,100,0,'件',0.00,0,'string','女式超柔软拉毛运动开衫','string','string','string','2018-04-26 10:41:03','2018-04-26 10:41:03',0,0,'万和','外套'),
(18,1,7,'女式超柔软拉毛运动开衫3','No86577',1,0,0,1,0,0,0,249.00,0.00,0,100,0,'匠心剪裁，垂感质地','匠心剪裁，垂感质地',299.00,100,0,'件',0.00,0,'string','女式超柔软拉毛运动开衫','string','string','string','2018-04-26 10:41:03','2018-04-26 10:41:03',0,0,'万和','外套'),
(22,6,7,'test','',1,1,0,0,0,0,0,0.00,NULL,0,0,0,'test','',0.00,100,0,'',0.00,1,'1,2','','','','',NULL,NULL,0,0,'小米','外套'),
(23,6,19,'毛衫测试','NO.1098',1,1,1,1,0,0,0,99.00,NULL,99,99,1000,'毛衫测试11','xxx',109.00,100,0,'件',1000.00,1,'1,2,3','毛衫测试','毛衫测试','毛衫测试','毛衫测试',NULL,NULL,0,2,'小米','手机数码'),
(24,6,7,'xxx','',1,0,0,0,0,0,0,0.00,NULL,0,0,0,'xxx','',0.00,100,0,'',0.00,0,'','','','','',NULL,NULL,0,0,'小米','外套'),
(26,3,19,'华为 HUAWEI P20 ','6946605',0,1,1,1,0,100,0,3788.00,NULL,3788,3788,0,'AI智慧全面屏 6GB +64GB 亮黑色 全网通版 移动联通电信4G手机 双卡双待手机 双卡双待','',4288.00,1000,0,'件',0.00,1,'2,3,1','','','','',NULL,NULL,0,1,'华为','手机通讯'),
(27,6,19,'小米8 全面屏游戏智能手机 6GB+64GB 黑色 全网通4G 双卡双待','7437788',0,1,1,1,0,0,0,2699.00,NULL,2699,2699,0,'骁龙845处理器，红外人脸解锁，AI变焦双摄，AI语音助手小米6X低至1299，点击抢购','小米8 全面屏游戏智能手机 6GB+64GB 黑色 全网通4G 双卡双待',2699.00,100,0,'',0.00,0,'','','','','',NULL,NULL,0,3,'小米','手机数码'),
(28,6,19,'小米 红米5A 全网通版 3GB+32GB 香槟金 移动联通电信4G手机 双卡双待','7437789',0,1,1,1,0,0,0,649.00,NULL,649,649,0,'8天超长待机，137g轻巧机身，高通骁龙处理器小米6X低至1299，点击抢购','',649.00,100,0,'',0.00,0,'','','','','',NULL,NULL,0,4,'小米','手机数码'),
(29,51,19,'Apple iPhone 8 Plus 64GB 红色特别版 移动联通电信4G手机','7437799',0,1,1,1,0,0,0,5499.00,NULL,5499,5499,0,'【限时限量抢购】Apple产品年中狂欢节，好物尽享，美在智慧！速来 >> 勾选[保障服务][原厂保2年]，获得AppleCare+全方位服务计划，原厂延保售后无忧。','',5499.00,100,0,'',0.00,0,'','','','','',NULL,NULL,0,0,'苹果','手机数码'),
(30,50,8,'HLA海澜之家简约动物印花短袖T恤','HNTBJ2E042A',0,1,1,1,0,0,0,98.00,NULL,0,0,0,'2018夏季新品微弹舒适新款短T男生 6月6日-6月20日，满300减30，参与互动赢百元礼券，立即分享赢大奖','',98.00,100,0,'',0.00,0,'','','','','',NULL,NULL,0,0,'海澜之家','T恤'),
(31,50,8,'HLA海澜之家蓝灰花纹圆领针织布短袖T恤','HNTBJ2E080A',0,1,0,0,0,0,0,98.00,NULL,0,0,0,'2018夏季新品短袖T恤男HNTBJ2E080A 蓝灰花纹80 175/92A/L80A 蓝灰花纹80 175/92A/L','',98.00,100,0,'',0.00,0,'','','','','',NULL,NULL,0,0,'海澜之家','T恤'),
(32,50,8,'HLA海澜之家短袖T恤男基础款','HNTBJ2E153A',0,1,0,0,0,0,0,68.00,NULL,0,0,0,'HLA海澜之家短袖T恤男基础款简约圆领HNTBJ2E153A藏青(F3)175/92A(50)','',68.00,100,0,'',0.00,0,'','','','','',NULL,NULL,0,0,'海澜之家','T恤'),
(33,6,35,'小米（MI）小米电视4A ','4609652',0,1,0,0,0,0,0,2499.00,NULL,0,0,0,'小米（MI）小米电视4A 55英寸 L55M5-AZ/L55M5-AD 2GB+8GB HDR 4K超高清 人工智能网络液晶平板电视','',2499.00,100,0,'',0.00,0,'','','','','',NULL,NULL,0,0,'小米','手机数码'),
(34,6,35,'小米（MI）小米电视4A 65英寸','4609660',0,1,0,0,0,0,0,3999.00,NULL,0,0,0,' L65M5-AZ/L65M5-AD 2GB+8GB HDR 4K超高清 人工智能网络液晶平板电视','',3999.00,100,0,'',0.00,0,'','','','','',NULL,NULL,0,0,'小米','手机数码'),
(35,58,29,'耐克NIKE 男子 休闲鞋 ROSHE RUN 运动鞋 511881-010黑色41码','6799342',0,1,0,0,0,0,0,369.00,NULL,0,0,0,'耐克NIKE 男子 休闲鞋 ROSHE RUN 运动鞋 511881-010黑色41码','',369.00,100,0,'',0.00,0,'','','','','',NULL,NULL,0,0,'NIKE','男鞋'),
(36,58,29,'耐克NIKE 男子 气垫 休闲鞋 AIR MAX 90 ESSENTIAL 运动鞋 AJ1285-101白色41码','6799345',0,1,1,1,0,0,0,499.00,NULL,0,0,0,'耐克NIKE 男子 气垫 休闲鞋 AIR MAX 90 ESSENTIAL 运动鞋 AJ1285-101白色41码','',499.00,100,0,'',0.00,0,'','','','','',NULL,NULL,0,0,'NIKE','男鞋');

INSERT INTO `pms_product_attribute` (`id`,`product_attribute_category_id`,`name`,`select_type`,`input_type`,`input_list`,`sort`,`filter_type`,`search_type`,`related_status`,`hand_add_status`,`type`) VALUES
(1,1,'尺寸',2,1,'M,X,XL,2XL,3XL,4XL',0,0,0,0,0,0),
(7,1,'颜色',2,1,'黑色,红色,白色,粉色',100,0,0,0,1,0),
(13,0,'上市年份',1,1,'2013年,2014年,2015年,2016年,2017年',0,0,0,0,0,1),
(14,0,'上市年份1',1,1,'2013年,2014年,2015年,2016年,2017年',0,0,0,0,0,1),
(15,0,'上市年份2',1,1,'2013年,2014年,2015年,2016年,2017年',0,0,0,0,0,1),
(16,0,'上市年份3',1,1,'2013年,2014年,2015年,2016年,2017年',0,0,0,0,0,1),
(17,0,'上市年份4',1,1,'2013年,2014年,2015年,2016年,2017年',0,0,0,0,0,1),
(18,0,'上市年份5',1,1,'2013年,2014年,2015年,2016年,2017年',0,0,0,0,0,1),
(19,0,'适用对象',1,1,'青年女性,中年女性',0,0,0,0,0,1),
(20,0,'适用对象1',2,1,'青年女性,中年女性',0,0,0,0,0,1),
(21,0,'适用对象3',2,1,'青年女性,中年女性',0,0,0,0,0,1),
(24,1,'商品编号',1,0,'',0,0,0,0,0,1),
(25,1,'适用季节',1,1,'春季,夏季,秋季,冬季',0,0,0,0,0,1),
(32,2,'适用人群',0,1,'老年,青年,中年',0,0,0,0,0,1),
(33,2,'风格',0,1,'嘻哈风格,基础大众,商务正装',0,0,0,0,0,1),
(35,2,'颜色',0,0,'',100,0,0,0,1,0),
(37,1,'适用人群',1,1,'儿童,青年,中年,老年',0,0,0,0,0,1),
(38,1,'上市时间',1,1,'2017年秋,2017年冬,2018年春,2018年夏',0,0,0,0,0,1),
(39,1,'袖长',1,1,'短袖,长袖,中袖',0,0,0,0,0,1),
(40,2,'尺码',0,1,'29,30,31,32,33,34',0,0,0,0,0,0),
(41,2,'适用场景',0,1,'居家,运动,正装',0,0,0,0,0,1),
(42,2,'上市时间',0,1,'2018年春,2018年夏',0,0,0,0,0,1),
(43,3,'颜色',0,0,'',100,0,0,0,1,0),
(44,3,'容量',0,1,'16G,32G,64G,128G',0,0,0,0,0,0),
(45,3,'屏幕尺寸',0,0,'',0,0,0,0,0,1),
(46,3,'网络',0,1,'3G,4G',0,0,0,0,0,1),
(47,3,'系统',0,1,'Android,IOS',0,0,0,0,0,1),
(48,3,'电池容量',0,0,'',0,0,0,0,0,1),
(49,11,'颜色',0,1,'红色,蓝色,绿色',0,1,0,0,0,0),
(50,11,'尺寸',0,1,'38,39,40',0,0,0,0,0,0),
(51,11,'风格',0,1,'夏季,秋季',0,0,0,0,0,0);

INSERT INTO `pms_brand` (`id`,`name`,`first_letter`,`sort`,`factory_status`,`show_status`,`product_count`,`product_comment_count`,`brand_story`) VALUES
(1,'万和','W',0,1,1,100,100,'Victoria Secret的故事'),
(2,'三星','S',100,1,1,100,100,'三星的故事'),
(3,'华为','H',100,1,0,100,100,'Victoria Secret的故事'),
(4,'格力','G',30,1,0,100,100,'Victoria Secret的故事'),
(5,'方太','F',20,1,0,100,100,'Victoria Secret的故事'),
(6,'小米','M',500,1,1,100,100,'小米手机的故事'),
(21,'OPPO','O',0,1,1,88,500,'string'),
(49,'七匹狼','S',200,1,1,77,400,'BOOB的故事'),
(50,'海澜之家','H',200,1,1,66,300,'海澜之家的故事'),
(51,'苹果','A',200,1,1,55,200,'苹果的故事'),
(58,'NIKE','N',0,1,1,33,100,'NIKE的故事');

INSERT INTO `pms_product_category` (`id`,`parent_id`,`name`,`level`,`product_count`,`product_unit`,`nav_status`,`show_status`,`sort`,`keywords`,`description`) VALUES
(1,0,'服装',0,100,'件',1,1,1,'服装','服装分类'),
(2,0,'手机数码',0,100,'件',1,1,1,'手机数码','手机数码'),
(3,0,'家用电器',0,100,'件',1,1,1,'家用电器','家用电器'),
(4,0,'家具家装',0,100,'件',1,1,1,'家具家装','家具家装'),
(5,0,'汽车用品',0,100,'件',1,1,1,'汽车用品','汽车用品'),
(7,1,'外套',1,100,'件',1,1,0,'外套','外套'),
(8,1,'T恤',1,100,'件',1,1,0,'T恤','T恤'),
(9,1,'休闲裤',1,100,'件',1,1,0,'休闲裤','休闲裤'),
(10,1,'牛仔裤',1,100,'件',1,1,0,'牛仔裤','牛仔裤'),
(11,1,'衬衫',1,100,'件',1,1,0,'衬衫','衬衫分类'),
(13,12,'家电子分类1',1,1,'string',0,1,0,'string','string'),
(14,12,'家电子分类2',1,1,'string',0,1,0,'string','string'),
(19,2,'手机通讯',1,0,'件',0,0,0,'手机通讯','手机通讯'),
(29,1,'男鞋',1,0,'',0,0,0,'',''),
(30,2,'手机配件',1,0,'',0,0,0,'手机配件','手机配件'),
(31,2,'摄影摄像',1,0,'',0,0,0,'',''),
(32,2,'影音娱乐',1,0,'',0,0,0,'',''),
(33,2,'数码配件',1,0,'',0,0,0,'',''),
(34,2,'智能设备',1,0,'',0,0,0,'',''),
(35,3,'电视',1,0,'',0,0,0,'',''),
(36,3,'空调',1,0,'',0,0,0,'',''),
(37,3,'洗衣机',1,0,'',0,0,0,'',''),
(38,3,'冰箱',1,0,'',0,0,0,'',''),
(39,3,'厨卫大电',1,0,'',0,0,0,'',''),
(40,3,'厨房小电',1,0,'',0,0,0,'',''),
(41,3,'生活电器',1,0,'',0,0,0,'',''),
(42,3,'个护健康',1,0,'',0,0,0,'',''),
(43,4,'厨房卫浴',1,0,'',0,0,0,'',''),
(44,4,'灯饰照明',1,0,'',0,0,0,'',''),
(45,4,'五金工具',1,0,'',0,0,0,'',''),
(46,4,'卧室家具',1,0,'',0,0,0,'',''),
(47,4,'客厅家具',1,0,'',0,0,0,'',''),
(48,5,'全新整车',1,0,'',0,0,0,'',''),
(49,5,'车载电器',1,0,'',0,0,0,'',''),
(50,5,'维修保养',1,0,'',0,0,0,'',''),
(51,5,'汽车装饰',1,0,'',0,0,0,'','');

INSERT INTO `pms_product_attribute_value` (`id`,`product_id`,`product_attribute_id`,`value`) VALUES
(1,9,1,'X'),
(2,10,1,'X'),
(3,11,1,'X'),
(4,12,1,'X'),
(5,13,1,'X'),
(6,14,1,'X'),
(7,18,1,'X'),
(8,7,1,'X'),
(9,7,1,'XL'),
(10,7,1,'XXL'),
(11,22,7,'x,xx'),
(12,22,24,'no110'),
(13,22,25,'春季'),
(14,22,37,'青年'),
(15,22,38,'2018年春'),
(16,22,39,'长袖'),
(124,23,7,'米白色,浅黄色'),
(125,23,24,'no1098'),
(126,23,25,'春季'),
(127,23,37,'青年'),
(128,23,38,'2018年春'),
(129,23,39,'长袖'),
(130,1,13,NULL),
(131,1,14,NULL),
(132,1,15,NULL),
(133,1,16,NULL),
(134,1,17,NULL),
(135,1,18,NULL),
(136,1,19,NULL),
(137,1,20,NULL),
(138,1,21,NULL),
(139,2,13,NULL),
(140,2,14,NULL),
(141,2,15,NULL),
(142,2,16,NULL),
(143,2,17,NULL),
(144,2,18,NULL),
(145,2,19,NULL),
(146,2,20,NULL),
(147,2,21,NULL),
(183,31,24,NULL),
(184,31,25,'夏季'),
(185,31,37,'青年'),
(186,31,38,'2018年夏'),
(187,31,39,'短袖'),
(198,30,24,NULL),
(199,30,25,'夏季'),
(200,30,37,'青年'),
(201,30,38,'2018年夏'),
(202,30,39,'短袖'),
(213,27,43,'黑色,蓝色'),
(214,27,45,'5.8'),
(215,27,46,'4G'),
(216,27,47,'Android'),
(217,27,48,'3000ml'),
(218,28,43,'金色,银色'),
(219,28,45,'5.0'),
(220,28,46,'4G'),
(221,28,47,'Android'),
(222,28,48,'2800ml'),
(223,29,43,'金色,银色'),
(224,29,45,'4.7'),
(225,29,46,'4G'),
(226,29,47,'IOS'),
(227,29,48,'1960ml'),
(228,26,43,'金色,银色'),
(229,26,45,'5.0'),
(230,26,46,'4G'),
(231,26,47,'Android'),
(232,26,48,'3000');
